<suite name="Deployment Manager Sanity TestSuite" verbose="1">
	<test name="SanityTests">
		<parameter name="browser" value="chrome"></parameter>
		<parameter name="siteURL" value="https://localhost:9402/deploy/"></parameter>

		<classes>
			<class name="com.cisco.dm.LoginPageTests" />
			<class name="com.cisco.dm.HomePageTests" />
			<class name="com.cisco.dm.sites.SitePageTests" /> 
			<class name="com.cisco.dm.sites.resourcebundle.ResourceBundleTests" /> 
			<class name="com.cisco.dm.plan.PlanPageTests" />
			<class name="com.cisco.dm.sites.resourcemapping.ResourceMappingTests" />
		</classes>
	</test>
</suite>
