<suite name="Deployment Manager TestSuite">
  <parameter name="browservalue" value="Chrome"></parameter>
  <parameter name="siteURL" value="http://localhost:9400/deploy/"></parameter>
	<test name="ALL">
		<classes>
			<class name="com.cisco.dm.LoginPageTests" />
			<class name="com.cisco.dm.HomePageTests" />
			<class name="com.cisco.dm.sites.SitePageTests" />
			<class name="com.cisco.dm.sites.resourcebundle.ResourceBundleTests" />
			<class name="com.cisco.dm.plan.PlanPageTests" />
			<class name="com.cisco.dm.sites.resourcemapping.ResourceMappingTests" />
		</classes>
	</test>
</suite>
